mean_fit_time,std_fit_time,mean_score_time,std_score_time,param_clf,param_clf__C,param_clf__max_depth,param_clf__n_estimators,params,split0_test_score,split1_test_score,split2_test_score,split3_test_score,split4_test_score,mean_test_score,std_test_score,rank_test_score
1.4586029529571534,0.13211842789952505,0.03645358085632324,0.005390963520874953,"LogisticRegression(C=1.0, class_weight=None, dual=False, fit_intercept=True,
                   intercept_scaling=1, l1_ratio=None, max_iter=1000,
                   multi_class='auto', n_jobs=None, penalty='l2',
                   random_state=None, solver='lbfgs', tol=0.0001, verbose=0,
                   warm_start=False)",2.0,,,"{'clf': LogisticRegression(C=1.0, class_weight=None, dual=False, fit_intercept=True,
                   intercept_scaling=1, l1_ratio=None, max_iter=1000,
                   multi_class='auto', n_jobs=None, penalty='l2',
                   random_state=None, solver='lbfgs', tol=0.0001, verbose=0,
                   warm_start=False), 'clf__C': 2.0}",0.649534920384676,0.6454359136055494,0.6536339271638026,0.6353460507646225,0.6530033107362446,0.6473908245309791,0.006692857845900828,16
1.5724300861358642,0.043719665469036786,0.040717458724975585,0.01539305138617352,"LogisticRegression(C=1.0, class_weight=None, dual=False, fit_intercept=True,
                   intercept_scaling=1, l1_ratio=None, max_iter=1000,
                   multi_class='auto', n_jobs=None, penalty='l2',
                   random_state=None, solver='lbfgs', tol=0.0001, verbose=0,
                   warm_start=False)",1.0,,,"{'clf': LogisticRegression(C=1.0, class_weight=None, dual=False, fit_intercept=True,
                   intercept_scaling=1, l1_ratio=None, max_iter=1000,
                   multi_class='auto', n_jobs=None, penalty='l2',
                   random_state=None, solver='lbfgs', tol=0.0001, verbose=0,
                   warm_start=False), 'clf__C': 1.0}",0.649534920384676,0.6454359136055494,0.6536339271638026,0.6353460507646225,0.6530033107362446,0.6473908245309791,0.006692857845900828,16
1.5585742950439454,0.13182461378320984,0.05155205726623535,0.03127302758566362,"LogisticRegression(C=1.0, class_weight=None, dual=False, fit_intercept=True,
                   intercept_scaling=1, l1_ratio=None, max_iter=1000,
                   multi_class='auto', n_jobs=None, penalty='l2',
                   random_state=None, solver='lbfgs', tol=0.0001, verbose=0,
                   warm_start=False)",0.1,,,"{'clf': LogisticRegression(C=1.0, class_weight=None, dual=False, fit_intercept=True,
                   intercept_scaling=1, l1_ratio=None, max_iter=1000,
                   multi_class='auto', n_jobs=None, penalty='l2',
                   random_state=None, solver='lbfgs', tol=0.0001, verbose=0,
                   warm_start=False), 'clf__C': 0.1}",0.649534920384676,0.6454359136055494,0.6534762730569131,0.6353460507646225,0.6531609648431341,0.647390824530979,0.0066906292951062025,18
1.4825924396514893,0.04827426074827584,0.045441722869873045,0.00829903798252369,"LogisticRegression(C=1.0, class_weight=None, dual=False, fit_intercept=True,
                   intercept_scaling=1, l1_ratio=None, max_iter=1000,
                   multi_class='auto', n_jobs=None, penalty='l2',
                   random_state=None, solver='lbfgs', tol=0.0001, verbose=0,
                   warm_start=False)",0.01,,,"{'clf': LogisticRegression(C=1.0, class_weight=None, dual=False, fit_intercept=True,
                   intercept_scaling=1, l1_ratio=None, max_iter=1000,
                   multi_class='auto', n_jobs=None, penalty='l2',
                   random_state=None, solver='lbfgs', tol=0.0001, verbose=0,
                   warm_start=False), 'clf__C': 0.01}",0.650165536812234,0.6462241841399968,0.6526880025224657,0.6353460507646225,0.6536339271638026,0.6476115402806244,0.006647247566851743,15
1.4628653526306152,0.13417386211644985,0.046704578399658206,0.007114935765415066,"LogisticRegression(C=1.0, class_weight=None, dual=False, fit_intercept=True,
                   intercept_scaling=1, l1_ratio=None, max_iter=1000,
                   multi_class='auto', n_jobs=None, penalty='l2',
                   random_state=None, solver='lbfgs', tol=0.0001, verbose=0,
                   warm_start=False)",0.001,,,"{'clf': LogisticRegression(C=1.0, class_weight=None, dual=False, fit_intercept=True,
                   intercept_scaling=1, l1_ratio=None, max_iter=1000,
                   multi_class='auto', n_jobs=None, penalty='l2',
                   random_state=None, solver='lbfgs', tol=0.0001, verbose=0,
                   warm_start=False), 'clf__C': 0.001}",0.6492196121708971,0.6429134478953177,0.6512691155604603,0.6356613589784014,0.6533186189500236,0.6464764307110201,0.0064338330039332555,20
328.17861013412477,7.812661344312082,41.4537889957428,0.8157843908484687,"SVC(C=1, break_ties=False, cache_size=200, class_weight='balanced', coef0=0.0,
    decision_function_shape='ovr', degree=3, gamma='scale', kernel='rbf',
    max_iter=-1, probability=False, random_state=150, shrinking=True, tol=0.001,
    verbose=False)",0.0001,,,"{'clf': SVC(C=1, break_ties=False, cache_size=200, class_weight='balanced', coef0=0.0,
    decision_function_shape='ovr', degree=3, gamma='scale', kernel='rbf',
    max_iter=-1, probability=False, random_state=150, shrinking=True, tol=0.001,
    verbose=False), 'clf__C': 0.0001}",0.5364969257449157,0.4677597351411004,0.47580009459246414,0.5437490146618319,0.5347627305691314,0.5117137001418888,0.03284346374598256,30
323.73051700592043,6.657331338935666,41.20611262321472,0.4673087370861323,"SVC(C=1, break_ties=False, cache_size=200, class_weight='balanced', coef0=0.0,
    decision_function_shape='ovr', degree=3, gamma='scale', kernel='rbf',
    max_iter=-1, probability=False, random_state=150, shrinking=True, tol=0.001,
    verbose=False)",0.001,,,"{'clf': SVC(C=1, break_ties=False, cache_size=200, class_weight='balanced', coef0=0.0,
    decision_function_shape='ovr', degree=3, gamma='scale', kernel='rbf',
    max_iter=-1, probability=False, random_state=150, shrinking=True, tol=0.001,
    verbose=False), 'clf__C': 0.001}",0.5404382784171528,0.4751694781649062,0.47879552262336433,0.552577644647643,0.47028220085133216,0.5034526249408797,0.03546658214371651,31
299.913654088974,6.016072461606432,34.29652605056763,0.9842910891286142,"SVC(C=1, break_ties=False, cache_size=200, class_weight='balanced', coef0=0.0,
    decision_function_shape='ovr', degree=3, gamma='scale', kernel='rbf',
    max_iter=-1, probability=False, random_state=150, shrinking=True, tol=0.001,
    verbose=False)",0.01,,,"{'clf': SVC(C=1, break_ties=False, cache_size=200, class_weight='balanced', coef0=0.0,
    decision_function_shape='ovr', degree=3, gamma='scale', kernel='rbf',
    max_iter=-1, probability=False, random_state=150, shrinking=True, tol=0.001,
    verbose=False), 'clf__C': 0.01}",0.6479583793157812,0.6440170266435441,0.6432287561090967,0.6285669241683746,0.6473277628882232,0.642219769825004,0.007066422177291064,24
283.51650738716125,2.7223247616288955,31.8875563621521,1.0098951534374294,"SVC(C=1, break_ties=False, cache_size=200, class_weight='balanced', coef0=0.0,
    decision_function_shape='ovr', degree=3, gamma='scale', kernel='rbf',
    max_iter=-1, probability=False, random_state=150, shrinking=True, tol=0.001,
    verbose=False)",0.1,,,"{'clf': SVC(C=1, break_ties=False, cache_size=200, class_weight='balanced', coef0=0.0,
    decision_function_shape='ovr', degree=3, gamma='scale', kernel='rbf',
    max_iter=-1, probability=False, random_state=150, shrinking=True, tol=0.001,
    verbose=False), 'clf__C': 0.1}",0.6518997319880183,0.6481160334226707,0.649850228598455,0.6325082768406117,0.6564717010878134,0.6477691943875138,0.008125780809432414,11
285.8241361141205,27.33248050076512,26.200553798675536,4.421256024762525,"SVC(C=1, break_ties=False, cache_size=200, class_weight='balanced', coef0=0.0,
    decision_function_shape='ovr', degree=3, gamma='scale', kernel='rbf',
    max_iter=-1, probability=False, random_state=150, shrinking=True, tol=0.001,
    verbose=False)",1,,,"{'clf': SVC(C=1, break_ties=False, cache_size=200, class_weight='balanced', coef0=0.0,
    decision_function_shape='ovr', degree=3, gamma='scale', kernel='rbf',
    max_iter=-1, probability=False, random_state=150, shrinking=True, tol=0.001,
    verbose=False), 'clf__C': 1}",0.6558410846602554,0.6571023175153713,0.6569446634084818,0.6372379000472962,0.660886016080719,0.6536023963424247,0.008357987535614366,1
486.32496099472047,17.73525004962226,15.19579849243164,1.3008860366046278,"SVC(C=1, break_ties=False, cache_size=200, class_weight='balanced', coef0=0.0,
    decision_function_shape='ovr', degree=3, gamma='scale', kernel='rbf',
    max_iter=-1, probability=False, random_state=150, shrinking=True, tol=0.001,
    verbose=False)",10,,,"{'clf': SVC(C=1, break_ties=False, cache_size=200, class_weight='balanced', coef0=0.0,
    decision_function_shape='ovr', degree=3, gamma='scale', kernel='rbf',
    max_iter=-1, probability=False, random_state=150, shrinking=True, tol=0.001,
    verbose=False), 'clf__C': 10}",0.6383414787955226,0.6388144411161911,0.6433864102159861,0.6323506227337222,0.644647643071102,0.6395081191865049,0.004348053394529568,28
12.74812331199646,0.5128337114343134,0.1031862735748291,0.014362162430991804,"RandomForestClassifier(bootstrap=True, ccp_alpha=0.0, class_weight='balanced',
                       criterion='gini', max_depth=None, max_features='auto',
                       max_leaf_nodes=None, max_samples=None,
                       min_impurity_decrease=0.0, min_impurity_split=None,
                       min_samples_leaf=1, min_samples_split=2,
                       min_weight_fraction_leaf=0.0, n_estimators=100,
                       n_jobs=None, oob_score=False, random_state=150,
                       verbose=0, warm_start=False)",,10,50,"{'clf': RandomForestClassifier(bootstrap=True, ccp_alpha=0.0, class_weight='balanced',
                       criterion='gini', max_depth=None, max_features='auto',
                       max_leaf_nodes=None, max_samples=None,
                       min_impurity_decrease=0.0, min_impurity_split=None,
                       min_samples_leaf=1, min_samples_split=2,
                       min_weight_fraction_leaf=0.0, n_estimators=100,
                       n_jobs=None, oob_score=False, random_state=150,
                       verbose=0, warm_start=False), 'clf__max_depth': 10, 'clf__n_estimators': 50}",0.6455935677124389,0.6487466498502286,0.6471701087813337,0.6347154343370645,0.6466971464606653,0.6445845814283462,0.005037634641140559,23
25.45705118179321,1.0865913727611967,0.18845710754394532,0.012349087197845752,"RandomForestClassifier(bootstrap=True, ccp_alpha=0.0, class_weight='balanced',
                       criterion='gini', max_depth=None, max_features='auto',
                       max_leaf_nodes=None, max_samples=None,
                       min_impurity_decrease=0.0, min_impurity_split=None,
                       min_samples_leaf=1, min_samples_split=2,
                       min_weight_fraction_leaf=0.0, n_estimators=100,
                       n_jobs=None, oob_score=False, random_state=150,
                       verbose=0, warm_start=False)",,10,100,"{'clf': RandomForestClassifier(bootstrap=True, ccp_alpha=0.0, class_weight='balanced',
                       criterion='gini', max_depth=None, max_features='auto',
                       max_leaf_nodes=None, max_samples=None,
                       min_impurity_decrease=0.0, min_impurity_split=None,
                       min_samples_leaf=1, min_samples_split=2,
                       min_weight_fraction_leaf=0.0, n_estimators=100,
                       n_jobs=None, oob_score=False, random_state=150,
                       verbose=0, warm_start=False), 'clf__max_depth': 10, 'clf__n_estimators': 100}",0.6484313416364497,0.6496925744915655,0.650165536812234,0.6321929686268327,0.6545798518051396,0.6470124546744443,0.007694424935779568,19
40.967701530456544,0.8314582974853789,0.2604670524597168,0.025334294570549965,"RandomForestClassifier(bootstrap=True, ccp_alpha=0.0, class_weight='balanced',
                       criterion='gini', max_depth=None, max_features='auto',
                       max_leaf_nodes=None, max_samples=None,
                       min_impurity_decrease=0.0, min_impurity_split=None,
                       min_samples_leaf=1, min_samples_split=2,
                       min_weight_fraction_leaf=0.0, n_estimators=100,
                       n_jobs=None, oob_score=False, random_state=150,
                       verbose=0, warm_start=False)",,10,150,"{'clf': RandomForestClassifier(bootstrap=True, ccp_alpha=0.0, class_weight='balanced',
                       criterion='gini', max_depth=None, max_features='auto',
                       max_leaf_nodes=None, max_samples=None,
                       min_impurity_decrease=0.0, min_impurity_split=None,
                       min_samples_leaf=1, min_samples_split=2,
                       min_weight_fraction_leaf=0.0, n_estimators=100,
                       n_jobs=None, oob_score=False, random_state=150,
                       verbose=0, warm_start=False), 'clf__max_depth': 10, 'clf__n_estimators': 150}",0.6506384991329024,0.6465394923537758,0.649534920384676,0.634242472016396,0.6577329339429292,0.6477376635661359,0.007682528466341093,13
53.66479911804199,2.2357089088480606,0.33063364028930664,0.03218821316794971,"RandomForestClassifier(bootstrap=True, ccp_alpha=0.0, class_weight='balanced',
                       criterion='gini', max_depth=None, max_features='auto',
                       max_leaf_nodes=None, max_samples=None,
                       min_impurity_decrease=0.0, min_impurity_split=None,
                       min_samples_leaf=1, min_samples_split=2,
                       min_weight_fraction_leaf=0.0, n_estimators=100,
                       n_jobs=None, oob_score=False, random_state=150,
                       verbose=0, warm_start=False)",,10,200,"{'clf': RandomForestClassifier(bootstrap=True, ccp_alpha=0.0, class_weight='balanced',
                       criterion='gini', max_depth=None, max_features='auto',
                       max_leaf_nodes=None, max_samples=None,
                       min_impurity_decrease=0.0, min_impurity_split=None,
                       min_samples_leaf=1, min_samples_split=2,
                       min_weight_fraction_leaf=0.0, n_estimators=100,
                       n_jobs=None, oob_score=False, random_state=150,
                       verbose=0, warm_start=False), 'clf__max_depth': 10, 'clf__n_estimators': 200}",0.6492196121708971,0.6451206053917704,0.6514267696673498,0.6359766671921804,0.6577329339429292,0.6478953176730254,0.007221590690526311,9
18.817547416687013,0.514000550075334,0.18698520660400392,0.02080321795859326,"RandomForestClassifier(bootstrap=True, ccp_alpha=0.0, class_weight='balanced',
                       criterion='gini', max_depth=None, max_features='auto',
                       max_leaf_nodes=None, max_samples=None,
                       min_impurity_decrease=0.0, min_impurity_split=None,
                       min_samples_leaf=1, min_samples_split=2,
                       min_weight_fraction_leaf=0.0, n_estimators=100,
                       n_jobs=None, oob_score=False, random_state=150,
                       verbose=0, warm_start=False)",,20,50,"{'clf': RandomForestClassifier(bootstrap=True, ccp_alpha=0.0, class_weight='balanced',
                       criterion='gini', max_depth=None, max_features='auto',
                       max_leaf_nodes=None, max_samples=None,
                       min_impurity_decrease=0.0, min_impurity_split=None,
                       min_samples_leaf=1, min_samples_split=2,
                       min_weight_fraction_leaf=0.0, n_estimators=100,
                       n_jobs=None, oob_score=False, random_state=150,
                       verbose=0, warm_start=False), 'clf__max_depth': 20, 'clf__n_estimators': 50}",0.6419675232539808,0.6440170266435441,0.6405486362919754,0.6347154343370645,0.6474854169951128,0.6417468075043355,0.0042192433478375445,25
35.644297409057614,1.0202883133325582,0.27822175025939944,0.016414648143877875,"RandomForestClassifier(bootstrap=True, ccp_alpha=0.0, class_weight='balanced',
                       criterion='gini', max_depth=None, max_features='auto',
                       max_leaf_nodes=None, max_samples=None,
                       min_impurity_decrease=0.0, min_impurity_split=None,
                       min_samples_leaf=1, min_samples_split=2,
                       min_weight_fraction_leaf=0.0, n_estimators=100,
                       n_jobs=None, oob_score=False, random_state=150,
                       verbose=0, warm_start=False)",,20,100,"{'clf': RandomForestClassifier(bootstrap=True, ccp_alpha=0.0, class_weight='balanced',
                       criterion='gini', max_depth=None, max_features='auto',
                       max_leaf_nodes=None, max_samples=None,
                       min_impurity_decrease=0.0, min_impurity_split=None,
                       min_samples_leaf=1, min_samples_split=2,
                       min_weight_fraction_leaf=0.0, n_estimators=100,
                       n_jobs=None, oob_score=False, random_state=150,
                       verbose=0, warm_start=False), 'clf__max_depth': 20, 'clf__n_estimators': 100}",0.6478007252088916,0.6489043039571181,0.6454359136055494,0.6422828314677598,0.6566293551947028,0.6482106258868043,0.004782509506710016,7
48.94684071540833,0.9966200098127638,0.4141726016998291,0.02046181448233968,"RandomForestClassifier(bootstrap=True, ccp_alpha=0.0, class_weight='balanced',
                       criterion='gini', max_depth=None, max_features='auto',
                       max_leaf_nodes=None, max_samples=None,
                       min_impurity_decrease=0.0, min_impurity_split=None,
                       min_samples_leaf=1, min_samples_split=2,
                       min_weight_fraction_leaf=0.0, n_estimators=100,
                       n_jobs=None, oob_score=False, random_state=150,
                       verbose=0, warm_start=False)",,20,150,"{'clf': RandomForestClassifier(bootstrap=True, ccp_alpha=0.0, class_weight='balanced',
                       criterion='gini', max_depth=None, max_features='auto',
                       max_leaf_nodes=None, max_samples=None,
                       min_impurity_decrease=0.0, min_impurity_split=None,
                       min_samples_leaf=1, min_samples_split=2,
                       min_weight_fraction_leaf=0.0, n_estimators=100,
                       n_jobs=None, oob_score=False, random_state=150,
                       verbose=0, warm_start=False), 'clf__max_depth': 20, 'clf__n_estimators': 150}",0.6490619580640076,0.6492196121708971,0.6526880025224657,0.6438593725366546,0.6578905880498187,0.6505439066687687,0.004630416795325288,3
69.52159628868102,0.17544503111643378,0.6103350639343261,0.09494204548651929,"RandomForestClassifier(bootstrap=True, ccp_alpha=0.0, class_weight='balanced',
                       criterion='gini', max_depth=None, max_features='auto',
                       max_leaf_nodes=None, max_samples=None,
                       min_impurity_decrease=0.0, min_impurity_split=None,
                       min_samples_leaf=1, min_samples_split=2,
                       min_weight_fraction_leaf=0.0, n_estimators=100,
                       n_jobs=None, oob_score=False, random_state=150,
                       verbose=0, warm_start=False)",,20,200,"{'clf': RandomForestClassifier(bootstrap=True, ccp_alpha=0.0, class_weight='balanced',
                       criterion='gini', max_depth=None, max_features='auto',
                       max_leaf_nodes=None, max_samples=None,
                       min_impurity_decrease=0.0, min_impurity_split=None,
                       min_samples_leaf=1, min_samples_split=2,
                       min_weight_fraction_leaf=0.0, n_estimators=100,
                       n_jobs=None, oob_score=False, random_state=150,
                       verbose=0, warm_start=False), 'clf__max_depth': 20, 'clf__n_estimators': 200}",0.6531609648431341,0.6509538073466814,0.6531609648431341,0.6399180198644174,0.6626202112565033,0.651962793630774,0.007246328827229145,2
19.8051598072052,1.3644486505525502,0.18388104438781738,0.041144054261330755,"RandomForestClassifier(bootstrap=True, ccp_alpha=0.0, class_weight='balanced',
                       criterion='gini', max_depth=None, max_features='auto',
                       max_leaf_nodes=None, max_samples=None,
                       min_impurity_decrease=0.0, min_impurity_split=None,
                       min_samples_leaf=1, min_samples_split=2,
                       min_weight_fraction_leaf=0.0, n_estimators=100,
                       n_jobs=None, oob_score=False, random_state=150,
                       verbose=0, warm_start=False)",,30,50,"{'clf': RandomForestClassifier(bootstrap=True, ccp_alpha=0.0, class_weight='balanced',
                       criterion='gini', max_depth=None, max_features='auto',
                       max_leaf_nodes=None, max_samples=None,
                       min_impurity_decrease=0.0, min_impurity_split=None,
                       min_samples_leaf=1, min_samples_split=2,
                       min_weight_fraction_leaf=0.0, n_estimators=100,
                       n_jobs=None, oob_score=False, random_state=150,
                       verbose=0, warm_start=False), 'clf__max_depth': 30, 'clf__n_estimators': 50}",0.639760365757528,0.6370802459404068,0.644962951284881,0.6314046980923853,0.649534920384676,0.6405486362919754,0.006269006085745486,26
35.834367513656616,1.0409098165930697,0.2960540294647217,0.003270887492902762,"RandomForestClassifier(bootstrap=True, ccp_alpha=0.0, class_weight='balanced',
                       criterion='gini', max_depth=None, max_features='auto',
                       max_leaf_nodes=None, max_samples=None,
                       min_impurity_decrease=0.0, min_impurity_split=None,
                       min_samples_leaf=1, min_samples_split=2,
                       min_weight_fraction_leaf=0.0, n_estimators=100,
                       n_jobs=None, oob_score=False, random_state=150,
                       verbose=0, warm_start=False)",,30,100,"{'clf': RandomForestClassifier(bootstrap=True, ccp_alpha=0.0, class_weight='balanced',
                       criterion='gini', max_depth=None, max_features='auto',
                       max_leaf_nodes=None, max_samples=None,
                       min_impurity_decrease=0.0, min_impurity_split=None,
                       min_samples_leaf=1, min_samples_split=2,
                       min_weight_fraction_leaf=0.0, n_estimators=100,
                       n_jobs=None, oob_score=False, random_state=150,
                       verbose=0, warm_start=False), 'clf__max_depth': 30, 'clf__n_estimators': 100}",0.6485889957433392,0.6377108623679647,0.6539492353775815,0.6440170266435441,0.655052814125808,0.6478637868516476,0.006436150472402237,10
56.15311493873596,2.120876487080409,0.535743236541748,0.07233382362088518,"RandomForestClassifier(bootstrap=True, ccp_alpha=0.0, class_weight='balanced',
                       criterion='gini', max_depth=None, max_features='auto',
                       max_leaf_nodes=None, max_samples=None,
                       min_impurity_decrease=0.0, min_impurity_split=None,
                       min_samples_leaf=1, min_samples_split=2,
                       min_weight_fraction_leaf=0.0, n_estimators=100,
                       n_jobs=None, oob_score=False, random_state=150,
                       verbose=0, warm_start=False)",,30,150,"{'clf': RandomForestClassifier(bootstrap=True, ccp_alpha=0.0, class_weight='balanced',
                       criterion='gini', max_depth=None, max_features='auto',
                       max_leaf_nodes=None, max_samples=None,
                       min_impurity_decrease=0.0, min_impurity_split=None,
                       min_samples_leaf=1, min_samples_split=2,
                       min_weight_fraction_leaf=0.0, n_estimators=100,
                       n_jobs=None, oob_score=False, random_state=150,
                       verbose=0, warm_start=False), 'clf__max_depth': 30, 'clf__n_estimators': 150}",0.6555257764464765,0.6438593725366546,0.6536339271638026,0.6422828314677598,0.6569446634084818,0.650449314204635,0.006135479791369526,4
78.75007009506226,0.7489119188384352,0.6411406517028808,0.05984836986073531,"RandomForestClassifier(bootstrap=True, ccp_alpha=0.0, class_weight='balanced',
                       criterion='gini', max_depth=None, max_features='auto',
                       max_leaf_nodes=None, max_samples=None,
                       min_impurity_decrease=0.0, min_impurity_split=None,
                       min_samples_leaf=1, min_samples_split=2,
                       min_weight_fraction_leaf=0.0, n_estimators=100,
                       n_jobs=None, oob_score=False, random_state=150,
                       verbose=0, warm_start=False)",,30,200,"{'clf': RandomForestClassifier(bootstrap=True, ccp_alpha=0.0, class_weight='balanced',
                       criterion='gini', max_depth=None, max_features='auto',
                       max_leaf_nodes=None, max_samples=None,
                       min_impurity_decrease=0.0, min_impurity_split=None,
                       min_samples_leaf=1, min_samples_split=2,
                       min_weight_fraction_leaf=0.0, n_estimators=100,
                       n_jobs=None, oob_score=False, random_state=150,
                       verbose=0, warm_start=False), 'clf__max_depth': 30, 'clf__n_estimators': 200}",0.6525303484155762,0.6419675232539808,0.6536339271638026,0.639445057543749,0.6575752798360397,0.6490304272426297,0.007045851128164388,5
19.410258531570435,0.6026855713886841,0.16692886352539063,0.024643796480598633,"RandomForestClassifier(bootstrap=True, ccp_alpha=0.0, class_weight='balanced',
                       criterion='gini', max_depth=None, max_features='auto',
                       max_leaf_nodes=None, max_samples=None,
                       min_impurity_decrease=0.0, min_impurity_split=None,
                       min_samples_leaf=1, min_samples_split=2,
                       min_weight_fraction_leaf=0.0, n_estimators=100,
                       n_jobs=None, oob_score=False, random_state=150,
                       verbose=0, warm_start=False)",,40,50,"{'clf': RandomForestClassifier(bootstrap=True, ccp_alpha=0.0, class_weight='balanced',
                       criterion='gini', max_depth=None, max_features='auto',
                       max_leaf_nodes=None, max_samples=None,
                       min_impurity_decrease=0.0, min_impurity_split=None,
                       min_samples_leaf=1, min_samples_split=2,
                       min_weight_fraction_leaf=0.0, n_estimators=100,
                       n_jobs=None, oob_score=False, random_state=150,
                       verbose=0, warm_start=False), 'clf__max_depth': 40, 'clf__n_estimators': 50}",0.6317200063061643,0.634557780230175,0.6470124546744442,0.6399180198644174,0.6468548005675547,0.6400126123285512,0.006234497387337484,27
39.53673458099365,0.5108553477361437,0.35556678771972655,0.06026978944680846,"RandomForestClassifier(bootstrap=True, ccp_alpha=0.0, class_weight='balanced',
                       criterion='gini', max_depth=None, max_features='auto',
                       max_leaf_nodes=None, max_samples=None,
                       min_impurity_decrease=0.0, min_impurity_split=None,
                       min_samples_leaf=1, min_samples_split=2,
                       min_weight_fraction_leaf=0.0, n_estimators=100,
                       n_jobs=None, oob_score=False, random_state=150,
                       verbose=0, warm_start=False)",,40,100,"{'clf': RandomForestClassifier(bootstrap=True, ccp_alpha=0.0, class_weight='balanced',
                       criterion='gini', max_depth=None, max_features='auto',
                       max_leaf_nodes=None, max_samples=None,
                       min_impurity_decrease=0.0, min_impurity_split=None,
                       min_samples_leaf=1, min_samples_split=2,
                       min_weight_fraction_leaf=0.0, n_estimators=100,
                       n_jobs=None, oob_score=False, random_state=150,
                       verbose=0, warm_start=False), 'clf__max_depth': 40, 'clf__n_estimators': 100}",0.6410215986126439,0.6408639445057543,0.6545798518051396,0.6370802459404068,0.6539492353775815,0.6454989752483051,0.007297597275467129,22
58.21830334663391,1.1353452058518232,0.4459217071533203,0.03953346629348718,"RandomForestClassifier(bootstrap=True, ccp_alpha=0.0, class_weight='balanced',
                       criterion='gini', max_depth=None, max_features='auto',
                       max_leaf_nodes=None, max_samples=None,
                       min_impurity_decrease=0.0, min_impurity_split=None,
                       min_samples_leaf=1, min_samples_split=2,
                       min_weight_fraction_leaf=0.0, n_estimators=100,
                       n_jobs=None, oob_score=False, random_state=150,
                       verbose=0, warm_start=False)",,40,150,"{'clf': RandomForestClassifier(bootstrap=True, ccp_alpha=0.0, class_weight='balanced',
                       criterion='gini', max_depth=None, max_features='auto',
                       max_leaf_nodes=None, max_samples=None,
                       min_impurity_decrease=0.0, min_impurity_split=None,
                       min_samples_leaf=1, min_samples_split=2,
                       min_weight_fraction_leaf=0.0, n_estimators=100,
                       n_jobs=None, oob_score=False, random_state=150,
                       verbose=0, warm_start=False), 'clf__max_depth': 40, 'clf__n_estimators': 150}",0.6492196121708971,0.6408639445057543,0.6561563928740344,0.6389720952230805,0.6534762730569131,0.6477376635661358,0.006783598098535737,14
76.69579606056213,0.760502560984983,0.5179105758666992,0.03581520612272297,"RandomForestClassifier(bootstrap=True, ccp_alpha=0.0, class_weight='balanced',
                       criterion='gini', max_depth=None, max_features='auto',
                       max_leaf_nodes=None, max_samples=None,
                       min_impurity_decrease=0.0, min_impurity_split=None,
                       min_samples_leaf=1, min_samples_split=2,
                       min_weight_fraction_leaf=0.0, n_estimators=100,
                       n_jobs=None, oob_score=False, random_state=150,
                       verbose=0, warm_start=False)",,40,200,"{'clf': RandomForestClassifier(bootstrap=True, ccp_alpha=0.0, class_weight='balanced',
                       criterion='gini', max_depth=None, max_features='auto',
                       max_leaf_nodes=None, max_samples=None,
                       min_impurity_decrease=0.0, min_impurity_split=None,
                       min_samples_leaf=1, min_samples_split=2,
                       min_weight_fraction_leaf=0.0, n_estimators=100,
                       n_jobs=None, oob_score=False, random_state=150,
                       verbose=0, warm_start=False), 'clf__max_depth': 40, 'clf__n_estimators': 200}",0.6485889957433392,0.6402333280781964,0.6585212044773766,0.6413369068264229,0.6556834305533659,0.6488727731357402,0.007361889748660878,6
19.241047191619874,0.5843929077951581,0.13358139991760254,0.002682925912630614,"RandomForestClassifier(bootstrap=True, ccp_alpha=0.0, class_weight='balanced',
                       criterion='gini', max_depth=None, max_features='auto',
                       max_leaf_nodes=None, max_samples=None,
                       min_impurity_decrease=0.0, min_impurity_split=None,
                       min_samples_leaf=1, min_samples_split=2,
                       min_weight_fraction_leaf=0.0, n_estimators=100,
                       n_jobs=None, oob_score=False, random_state=150,
                       verbose=0, warm_start=False)",,50,50,"{'clf': RandomForestClassifier(bootstrap=True, ccp_alpha=0.0, class_weight='balanced',
                       criterion='gini', max_depth=None, max_features='auto',
                       max_leaf_nodes=None, max_samples=None,
                       min_impurity_decrease=0.0, min_impurity_split=None,
                       min_samples_leaf=1, min_samples_split=2,
                       min_weight_fraction_leaf=0.0, n_estimators=100,
                       n_jobs=None, oob_score=False, random_state=150,
                       verbose=0, warm_start=False), 'clf__max_depth': 50, 'clf__n_estimators': 50}",0.6312470439854958,0.6334542014819486,0.6427557937884282,0.6389720952230805,0.6476430711020023,0.638814441116191,0.005991685762803194,29
36.57355842590332,0.6347614478065953,0.26727819442749023,0.013721320790411842,"RandomForestClassifier(bootstrap=True, ccp_alpha=0.0, class_weight='balanced',
                       criterion='gini', max_depth=None, max_features='auto',
                       max_leaf_nodes=None, max_samples=None,
                       min_impurity_decrease=0.0, min_impurity_split=None,
                       min_samples_leaf=1, min_samples_split=2,
                       min_weight_fraction_leaf=0.0, n_estimators=100,
                       n_jobs=None, oob_score=False, random_state=150,
                       verbose=0, warm_start=False)",,50,100,"{'clf': RandomForestClassifier(bootstrap=True, ccp_alpha=0.0, class_weight='balanced',
                       criterion='gini', max_depth=None, max_features='auto',
                       max_leaf_nodes=None, max_samples=None,
                       min_impurity_decrease=0.0, min_impurity_split=None,
                       min_samples_leaf=1, min_samples_split=2,
                       min_weight_fraction_leaf=0.0, n_estimators=100,
                       n_jobs=None, oob_score=False, random_state=150,
                       verbose=0, warm_start=False), 'clf__max_depth': 50, 'clf__n_estimators': 100}",0.6438593725366546,0.6419675232539808,0.6537915812706921,0.634242472016396,0.6536339271638026,0.6454989752483054,0.007440605789318971,21
51.015006351470944,3.14102625744995,0.3105363368988037,0.02618978435886014,"RandomForestClassifier(bootstrap=True, ccp_alpha=0.0, class_weight='balanced',
                       criterion='gini', max_depth=None, max_features='auto',
                       max_leaf_nodes=None, max_samples=None,
                       min_impurity_decrease=0.0, min_impurity_split=None,
                       min_samples_leaf=1, min_samples_split=2,
                       min_weight_fraction_leaf=0.0, n_estimators=100,
                       n_jobs=None, oob_score=False, random_state=150,
                       verbose=0, warm_start=False)",,50,150,"{'clf': RandomForestClassifier(bootstrap=True, ccp_alpha=0.0, class_weight='balanced',
                       criterion='gini', max_depth=None, max_features='auto',
                       max_leaf_nodes=None, max_samples=None,
                       min_impurity_decrease=0.0, min_impurity_split=None,
                       min_samples_leaf=1, min_samples_split=2,
                       min_weight_fraction_leaf=0.0, n_estimators=100,
                       n_jobs=None, oob_score=False, random_state=150,
                       verbose=0, warm_start=False), 'clf__max_depth': 50, 'clf__n_estimators': 150}",0.6493772662777866,0.6414945609333124,0.6547375059120291,0.6388144411161911,0.6552104682326975,0.6479268484944033,0.00672235337056517,8
52.09788384437561,2.6112655522429167,0.3843733787536621,0.007357339886025356,"RandomForestClassifier(bootstrap=True, ccp_alpha=0.0, class_weight='balanced',
                       criterion='gini', max_depth=None, max_features='auto',
                       max_leaf_nodes=None, max_samples=None,
                       min_impurity_decrease=0.0, min_impurity_split=None,
                       min_samples_leaf=1, min_samples_split=2,
                       min_weight_fraction_leaf=0.0, n_estimators=100,
                       n_jobs=None, oob_score=False, random_state=150,
                       verbose=0, warm_start=False)",,50,200,"{'clf': RandomForestClassifier(bootstrap=True, ccp_alpha=0.0, class_weight='balanced',
                       criterion='gini', max_depth=None, max_features='auto',
                       max_leaf_nodes=None, max_samples=None,
                       min_impurity_decrease=0.0, min_impurity_split=None,
                       min_samples_leaf=1, min_samples_split=2,
                       min_weight_fraction_leaf=0.0, n_estimators=100,
                       n_jobs=None, oob_score=False, random_state=150,
                       verbose=0, warm_start=False), 'clf__max_depth': 50, 'clf__n_estimators': 200}",0.6514267696673498,0.6405486362919754,0.654106889484471,0.6384991329024121,0.6542645435913605,0.6477691943875138,0.006838191230116133,11
